{
    "player": "Collin Sexton",
    "season": "2023-24",
    "predictions": {
        "PTS": 19.82400059204008,
        "REB": 2.593878746032715,
        "AST": 4.494077682495117,
        "STL": 0.7900732159614563,
        "BLK": 0.1887868493795395,
        "PRA": 27.992318978671154
    },
    "mae_scores": {}
}